{
  "time_slots": [
    {"start": "07:30", "end": "09:00"},
    {"start": "09:00", "end": "10:00"},
    {"start": "10:00", "end": "10:30"},
    {"start": "10:30", "end": "10:45"},
    {"start": "10:45", "end": "11:00"},
    {"start": "11:00", "end": "12:00"},
    {"start": "12:00", "end": "12:15"},
    {"start": "12:15", "end": "12:30"},
    {"start": "12:30", "end": "13:15"},
    {"start": "13:15", "end": "14:00"},
    {"start": "14:00", "end": "14:30"},
    {"start": "14:30", "end": "15:30"},
    {"start": "15:30", "end": "15:40"},
    {"start": "15:40", "end": "16:00"},
    {"start": "16:00", "end": "16:30"},
    {"start": "16:30", "end": "17:10"},
    {"start": "17:10", "end": "17:30"},
    {"start": "17:30", "end": "18:30"}
  ]
}


